Name,Latitude,Longitude,Description,Day
"Over Bækken 2, 9000 Aalborg",57.025898,9.921586,DEPOT,0
"Lindenborgvej 43, 9200 Aalborg SV",57.015898,9.889557,CONTAINER,0
"Lindenborgvej 53, 9200 Aalborg SV",57.016727,9.890037,CONTAINER,0
"Lindenborgvej 77, 9200 Aalborg SV",57.015827,9.891608,CONTAINER,0
"Lindenborgvej 89, 9200 Aalborg SV",57.015428,9.890042,CONTAINER,0
"Karen Blixens Vej 15, 9200 Aalborg SV",57.014687,9.889807,CONTAINER,0
"Karen Blixens Vej 21, 9200 Aalborg SV",57.014533,9.890702,CONTAINER,0
"Digtervejen 11 A, 9200 Aalborg SV",57.014131,9.888529,CONTAINER,0
"Stationsmestervej 23, 9200 Aalborg SV",57.008745,9.890832,CONTAINER,0
"Stationsmestervej 76, 9200 Aalborg SV",57.007807,9.891044,CONTAINER,0
"Stationsmestervej 24, 9200 Aalborg SV",57.008939,9.889042,CONTAINER,0
"Dyrskuevej 19, 9200 Aalborg SV",57.007913,9.88728,CONTAINER,0
"Dyrskuevej 33 C, 9200 Aalborg SV",57.00691,9.887769,CONTAINER,0
"Sløjfen 2, 9200 Aalborg SV",57.006342,9.88936,CONTAINER,0
"Dyrskuevej 51, 9200 Aalborg SV",57.005996,9.890977,CONTAINER,0
"Hobrovej 412, 9200 Aalborg SV",57.00717,9.883353,CONTAINER,0
"Holger Drachmanns Vej 1, 9200 Aalborg SV",57.007348,9.880894,CONTAINER,0
"Gartnervej 42 A, 9200 Aalborg SV",57.000627,9.877473,CONTAINER,0
"Gartnervej 68 A, 9200 Aalborg SV",57.000139,9.878212,CONTAINER,0
"Gartnervej 156, 9200 Aalborg SV",57.000178,9.880677,CONTAINER,0
"Gartnervej 190, 9200 Aalborg SV",57.000852,9.879102,CONTAINER,0
"Egemarksvej 2, 9230 Svenstrup J",56.972911,9.850458,CONTAINER,0
"Egemarksvej 2, 9230 Svenstrup J",56.972911,9.850458,CONTAINER,0
"Hellekisten 195, 9230 Svenstrup J",56.973287,9.831456,CONTAINER,0
"Hellekisten 157, 9230 Svenstrup J",56.974023,9.832014,CONTAINER,0
"Hellekisten 15, 9230 Svenstrup J",56.974009,9.833994,CONTAINER,0
"Jættestuen 4, 9230 Svenstrup J",56.973926,9.835404,CONTAINER,0
"Jættestuen 48, 9230 Svenstrup J",56.972845,9.835642,CONTAINER,0
"Bautastenen 1, 9230 Svenstrup J",56.971773,9.834948,CONTAINER,0
"Valhal 60, 9230 Svenstrup J",56.96952,9.831368,CONTAINER,0
"Runddyssen 50, 9230 Svenstrup J",56.969156,9.835346,CONTAINER,0
"Runddyssen 206, 9230 Svenstrup J",56.967988,9.838698,CONTAINER,0
"Runddyssen 356, 9230 Svenstrup J",56.967479,9.840423,CONTAINER,0
"Runddyssen 249, 9230 Svenstrup J",56.969063,9.840027,CONTAINER,0
"Runddyssen 99, 9230 Svenstrup J",56.96969,9.838033,CONTAINER,0
"Runddyssen 77, 9230 Svenstrup J",56.970186,9.836977,CONTAINER,0
"Danagården 113, 9230 Svenstrup J",56.967311,9.822346,CONTAINER,0
"Danagården 57, 9230 Svenstrup J",56.967101,9.820291,CONTAINER,0
"Danagården 72, 9230 Svenstrup J",56.966714,9.823756,CONTAINER,0
"Danagården 12, 9230 Svenstrup J",56.966045,9.824202,CONTAINER,0
"Lundevej 121, 9240 Nibe",56.972555,9.652491,CONTAINER,0
"Sygehusvej 14, 9240 Nibe",56.979366,9.632977,CONTAINER,0
"Klosterholmsgade 29, 9240 Nibe",56.981334,9.631236,CONTAINER,0
"Peder Kolds Vej 32, 9240 Nibe",56.981665,9.631764,CONTAINER,0
"Lindenborgvej 65, 9200 Aalborg SV",57.016659,9.891483,CONTAINER,0
"Over Bækken 2, 9000 Aalborg",57.025898,9.921586,DEPOT,1
"Blegkilde Alle 85, 9000 Aalborg",57.029445,9.937319,CONTAINER,1
"Blegkilde Alle 59, 9000 Aalborg",57.030118,9.938123,CONTAINER,1
"Venøsundvej 1, 9220 Aalborg Øst",57.021616,9.9897,CONTAINER,1
"Oddesundvej 25, 9220 Aalborg Øst",57.023826,9.994424,CONTAINER,1
"Oddesundvej 74, 9220 Aalborg Øst",57.02346,9.993714,CONTAINER,1
"Oddesundvej 13, 9220 Aalborg Øst",57.023076,9.992054,CONTAINER,1
"Oddesundvej 5, 9220 Aalborg Øst",57.022935,9.99086,CONTAINER,1
"Tambosundvej 55, 9220 Aalborg Øst",57.023748,9.991109,CONTAINER,1
"Tambosundvej 69, 9220 Aalborg Øst",57.024106,9.992975,CONTAINER,1
"Tambosundvej 75, 9220 Aalborg Øst",57.024338,9.993739,CONTAINER,1
"Tambosundvej 19, 9220 Aalborg Øst",57.024806,9.992841,CONTAINER,1
"Tambosundvej 49, 9220 Aalborg Øst",57.024613,9.993404,CONTAINER,1
"Tambosundvej 9, 9220 Aalborg Øst",57.024485,9.991525,CONTAINER,1
"Tambosundvej 37, 9220 Aalborg Øst",57.024117,9.991363,CONTAINER,1
"Næssundvej 165, 9220 Aalborg Øst",57.025406,9.992006,CONTAINER,1
"Næssundvej 126, 9220 Aalborg Øst",57.026811,9.994701,CONTAINER,1
"Næssundvej 53, 9220 Aalborg Øst",57.027095,9.993818,CONTAINER,1
"Næssundvej 9, 9220 Aalborg Øst",57.026332,9.991743,CONTAINER,1
"Vilsundvej 106, 9220 Aalborg Øst",57.027458,9.990815,CONTAINER,1
"Vilsundvej 140, 9220 Aalborg Øst",57.027466,9.992,CONTAINER,1
"Vilsundvej 1, 9220 Aalborg Øst",57.028208,9.992059,CONTAINER,1
"Vilsundvej 119, 9220 Aalborg Øst",57.028753,9.99312,CONTAINER,1
"Sallingsundvej 9, 9220 Aalborg Øst",57.026666,9.99629,CONTAINER,1
"Sallingsundvej 37, 9220 Aalborg Øst",57.026039,9.996215,CONTAINER,1
"Sallingsundvej 17, 9220 Aalborg Øst",57.026164,9.995648,CONTAINER,1
"Sallingsundvej 45, 9220 Aalborg Øst",57.025552,9.995493,CONTAINER,1
"Sallingsundvej 71, 9220 Aalborg Øst",57.025611,9.996359,CONTAINER,1
"Sallingsundvej 33, 9220 Aalborg Øst",57.026201,9.996679,CONTAINER,1
"Sallingsundvej 55, 9220 Aalborg Øst",57.026647,9.997655,CONTAINER,1
"Tornhøjgård 25, 9220 Aalborg Øst",57.026724,9.999308,CONTAINER,1
"Ditlev Bergs Vej 29, 9000 Aalborg",57.035285,9.937022,CONTAINER,1
"Kridtsløjfen 21, 9000 Aalborg",57.032893,9.940946,CONTAINER,1
"Kridtsløjfen 4, 9000 Aalborg",57.035945,9.937761,CONTAINER,1
"Over Bækken 2, 9000 Aalborg",57.025898,9.921586,DEPOT,2
"Tornhøjvej 2 E, 9220 Aalborg Øst",57.026241,10.00153,CONTAINER,2
"Tornhøjvej 4, 9220 Aalborg Øst",57.025888,10.001209,CONTAINER,2
"Tornhøjvej 4, 9220 Aalborg Øst",57.025888,10.001209,CONTAINER,2
"Tornhøjvej 10, 9220 Aalborg Øst",57.023525,9.998646,CONTAINER,2
"Tornhøjvej 6 A, 9220 Aalborg Øst",57.02502,10.000593,CONTAINER,2
"Tornhøjgård 51, 9220 Aalborg Øst",57.026357,9.999207,CONTAINER,2
"Tornhøjgård 51, 9220 Aalborg Øst",57.026357,9.999207,CONTAINER,2
"Hvalpsundvej 24, 9220 Aalborg Øst",57.025326,9.997828,CONTAINER,2
"Hvalpsundvej 52, 9220 Aalborg Øst",57.02474,9.996989,CONTAINER,2
"Hvalpsundvej 109, 9220 Aalborg Øst",57.024052,9.9976,CONTAINER,2
"Hvalpsundvej 133, 9220 Aalborg Øst",57.024716,9.998464,CONTAINER,2
"Dannerhøj 7, 9210 Aalborg SØ",56.991425,9.927981,CONTAINER,2
"Dannerhøj 20, 9210 Aalborg SØ",56.992044,9.928553,CONTAINER,2
"Dannerhøj 98, 9210 Aalborg SØ",56.991588,9.924802,CONTAINER,2
"Dannerhøj 86, 9210 Aalborg SØ",56.991653,9.925684,CONTAINER,2
"Dannerhøj 70, 9210 Aalborg SØ",56.991714,9.926468,CONTAINER,2
"Vissebakkegård 1, 9210 Aalborg SØ",56.9905,9.928358,CONTAINER,2
"Åbrinken 1, 9200 Aalborg SV",57.009108,9.900933,CONTAINER,2
"Stationsmestervej 90, 9200 Aalborg SV",57.007293,9.892412,CONTAINER,2
"Stationsmestervej 35, 9200 Aalborg SV",57.007275,9.8935,CONTAINER,2
"Rosengården 8, 9200 Aalborg SV",57.009439,9.892098,CONTAINER,2
"Rosengården 32, 9200 Aalborg SV",57.00889,9.894071,CONTAINER,2
"Rosengården 18, 9200 Aalborg SV",57.009541,9.893018,CONTAINER,2
"Lyngholmsvej 22, 9200 Aalborg SV",57.00994,9.891189,CONTAINER,2
"Lyngholmsvej 1, 9200 Aalborg SV",57.009276,9.890041,CONTAINER,2
"Lyngholmsvej 1, 9200 Aalborg SV",57.009276,9.890041,CONTAINER,2
"Over Bækken 2, 9000 Aalborg",57.025898,9.921586,DEPOT,3
"Stjernevej 1, 9200 Aalborg SV",57.021489,9.910103,CONTAINER,3
"Pandoravej 84, 9210 Aalborg SØ",57.010992,9.944436,CONTAINER,3
"Pandoravej 54, 9210 Aalborg SØ",57.011362,9.945424,CONTAINER,3
"Fortunavej 16, 9210 Aalborg SØ",57.008081,9.945984,CONTAINER,3
"Fortunavej 2 E, 9210 Aalborg SØ",57.008528,9.943738,CONTAINER,3
"Kastanjen 6, 9210 Aalborg SØ",57.006172,9.92686,CONTAINER,3
"Kærholt 56, 9210 Aalborg SØ",57.004069,9.930166,CONTAINER,3
"Kronosvej 101, 9210 Aalborg SØ",57.003773,9.94336,CONTAINER,3
"Kronosvej 114, 9210 Aalborg SØ",57.003772,9.944194,CONTAINER,3
"Kronosvej 142, 9210 Aalborg SØ",57.004117,9.946228,CONTAINER,3
"Dionevej 7, 9210 Aalborg SØ",57.010323,9.955474,CONTAINER,3
"Dionevej 18, 9210 Aalborg SØ",57.009586,9.954923,CONTAINER,3
"Dionevej 52, 9210 Aalborg SØ",57.00981510428822,9.954669983236256,CONTAINER,3
"Dikevej 40, 9210 Aalborg SØ",57.013034,9.954188,CONTAINER,3
"Dikevej 40, 9210 Aalborg SØ",57.013034,9.954188,CONTAINER,3
"Korevej 15, 9210 Aalborg SØ",57.01154,9.954509,CONTAINER,3
"Metisvej 15, 9210 Aalborg SØ",57.008728,9.955161,CONTAINER,3
"Metisvej 2, 9210 Aalborg SØ",57.008403,9.955083,CONTAINER,3
"Ledavej 75, 9210 Aalborg SØ",57.007676,9.947786,CONTAINER,3
"Dybbroparken 38, 9260 Gistrup",56.999698,9.994756,CONTAINER,3
"Dybbroparken 16, 9260 Gistrup",56.999258,9.994716,CONTAINER,3
"Beltoften 37, 9260 Gistrup",56.999222,9.997621,CONTAINER,3
"Toppen 12, 9260 Gistrup",57.000833,9.985305,CONTAINER,3
"Toppen 62, 9260 Gistrup",57.000256,9.983382,CONTAINER,3
"Knasten 82, 9260 Gistrup",56.988082,9.981922,CONTAINER,3
"Knasten 50 A, 9260 Gistrup",56.987758,9.981548,CONTAINER,3
"Knasten 40 B, 9260 Gistrup",56.987475,9.980043,CONTAINER,3
"Knasten 2, 9260 Gistrup",56.988287,9.981733,CONTAINER,3
"Knasten 2, 9260 Gistrup",56.988287,9.981733,CONTAINER,3
"Knasten 2, 9260 Gistrup",56.988287,9.981733,CONTAINER,3
"Dragehøjvej 6, 9260 Gistrup",56.994554,9.995618,CONTAINER,3
"Roden 8, 9260 Gistrup",56.996666,9.998225,CONTAINER,3
"Roden 1, 9260 Gistrup",56.997511,9.999771,CONTAINER,3
"Lodsholmvej 167, 9270 Klarup",57.016254,10.037153,CONTAINER,3
"Lodsholmvej 63, 9270 Klarup",57.0171,10.037784,CONTAINER,3
"Hørvej 43, 9270 Klarup",57.016492,10.043771,CONTAINER,3
"Brøndbjerggårdsvej 1, 9280 Storvorde",56.976251,10.288804,CONTAINER,3
"Egense Hjørnet 7, 9280 Storvorde",56.980589,10.301729,CONTAINER,3
"Kystvej 10, 9280 Storvorde",56.977324,10.27741,CONTAINER,3
"Kystvej 10, 9280 Storvorde",56.977324,10.27741,CONTAINER,3
"Mågevej 1, 9280 Storvorde",56.981186,10.202957,CONTAINER,3
"Degnelodden 34, 9280 Storvorde",56.99969,10.10419,CONTAINER,3
"Degnelodden 34, 9280 Storvorde",56.99969,10.10419,CONTAINER,3
"Augustvej 30, 9270 Klarup",57.014701,10.057518,CONTAINER,3
"Augustvej 30, 9270 Klarup",57.014701,10.057518,CONTAINER,3
"Hellasvej 14, 9270 Klarup",57.011247,10.046132,CONTAINER,3
"Klarup Søpark 19, 9270 Klarup",57.014783,10.033128,CONTAINER,3
"Klarup Søpark 3, 9270 Klarup",57.014603,10.033877,CONTAINER,3
"Over Bækken 2, 9000 Aalborg",57.025898,9.921586,DEPOT,4
"Mylius Erichsens Vej 77, 9210 Aalborg SØ",57.021548,9.938074,CONTAINER,4
"Mylius Erichsens Vej 67, 9210 Aalborg SØ",57.021867,9.937055,CONTAINER,4
"Rughaven 59, 9000 Aalborg",57.03357,9.943521,CONTAINER,4
"Rughaven 47, 9000 Aalborg",57.033649,9.944711,CONTAINER,4
"Bygholmen 14 B, 9000 Aalborg",57.034761,9.945838,CONTAINER,4
"Rughaven 35, 9000 Aalborg",57.03373,9.945956,CONTAINER,4
"Bygholmen 24, 9000 Aalborg",57.034063,9.946443,CONTAINER,4
"Rughaven 23, 9000 Aalborg",57.033815,9.947225,CONTAINER,4
"Rughaven 9, 9000 Aalborg",57.0339,9.948498,CONTAINER,4
"Rughaven 3 A, 9000 Aalborg",57.033569,9.949529,CONTAINER,4
"Hørhaven 6, 9000 Aalborg",57.032814,9.950083,CONTAINER,4
"Hørhaven 16, 9000 Aalborg",57.032245,9.950606,CONTAINER,4
"Hørhaven 1, 9000 Aalborg",57.03208,9.95119,CONTAINER,4
"Hørhaven 38, 9000 Aalborg",57.031235,9.951415,CONTAINER,4
"Elisevej 26, 9000 Aalborg",57.031714,9.961721,CONTAINER,4
"Sofievej 26, 9000 Aalborg",57.030523,9.965337,CONTAINER,4
"Metavej 3, 9000 Aalborg",57.030068,9.964756,CONTAINER,4
"Sofievej 16 B, 9000 Aalborg",57.032241,9.964673,CONTAINER,4
"Sofievej 40, 9000 Aalborg",57.029615,9.96516,CONTAINER,4
"Golfhaven 2, 9000 Aalborg",57.023401,9.961251,CONTAINER,4
"Golfbakken 20, 9000 Aalborg",57.02237,9.962014,CONTAINER,4
"Golfbakken 20, 9000 Aalborg",57.02237,9.962014,CONTAINER,4
"Hadsundvej 182 A, 9000 Aalborg",57.024873,9.95868,CONTAINER,4
"Hadsundvej 182 A, 9000 Aalborg",57.024873,9.95868,CONTAINER,4
"Hadsundvej 180 A, 9000 Aalborg",57.026025,9.95863,CONTAINER,4
"Sonjavej 14, 9000 Aalborg",57.025598,9.961962,CONTAINER,4
"Sonjavej 30, 9000 Aalborg",57.025029,9.962524,CONTAINER,4
"Sonjavej 3, 9000 Aalborg",57.026965,9.961478,CONTAINER,4
"Charlottehøj 82, 9000 Aalborg",57.030148,9.962692,CONTAINER,4
"Charlottehøj 44, 9000 Aalborg",57.029654,9.961309,CONTAINER,4
"Charlottehøj 17, 9000 Aalborg",57.030184,9.958746,CONTAINER,4
"Charlottehøj 8, 9000 Aalborg",57.029959,9.957817,CONTAINER,4
"Golfparken 3, 9000 Aalborg",57.030726,9.955275,CONTAINER,4
"Golfparken 36, 9000 Aalborg",57.030836,9.954055,CONTAINER,4
"Golfparken 135, 9000 Aalborg",57.02996,9.952945,CONTAINER,4
"Golfparken 104, 9000 Aalborg",57.030596,9.952829,CONTAINER,4
"Doravej 3, 9000 Aalborg",57.03258,9.956069,CONTAINER,4
"Doravej 35, 9000 Aalborg",57.032906,9.957024,CONTAINER,4
"Doravej 65, 9000 Aalborg",57.033054,9.958087,CONTAINER,4
"Doravej 107, 9000 Aalborg",57.033092,9.959663,CONTAINER,4
"Dagnyvej 19, 9000 Aalborg",57.032513,9.961146,CONTAINER,4
"Dagnyvej 7, 9000 Aalborg",57.031839,9.960746,CONTAINER,4
"Jyttevej 2 A, 9000 Aalborg",57.035825,9.956635,CONTAINER,4
"Jyttevej 2 A, 9000 Aalborg",57.035825,9.956635,CONTAINER,4
"Jyttevej 74, 9000 Aalborg",57.037447,9.957539,CONTAINER,4
"Liselund 9, 9000 Aalborg",57.036179,9.958405,CONTAINER,4
"Liselund 47, 9000 Aalborg",57.037585,9.959099,CONTAINER,4
"Liselund 35, 9000 Aalborg",57.037158,9.958612,CONTAINER,4
"Filstedvej 59, 9000 Aalborg",57.035923,9.960571,CONTAINER,4
"Filstedvej 91, 9000 Aalborg",57.035563,9.961928,CONTAINER,4
"Filstedvej 123, 9000 Aalborg",57.035337,9.963508,CONTAINER,4
"Lundsgårdsgade 26 A, 9000 Aalborg",57.038525,9.956748,CONTAINER,4
"Heimdalsgade 41 A, 9000 Aalborg",57.037864,9.95439,CONTAINER,4
"Hadsundvej 86 F, 9000 Aalborg",57.036271,9.952907,CONTAINER,4
"Hadsundvej 86 C, 9000 Aalborg",57.036693,9.952476,CONTAINER,4
"Riishøjsvej 6, 9000 Aalborg",57.036481,9.951832,CONTAINER,4
"Over Bækken 2, 9000 Aalborg",57.025898,9.921586,DEPOT,7
"Fyrkildevej 50, 9220 Aalborg Øst",57.026755,10.006406,CONTAINER,7
"Fyrkildevej 34, 9220 Aalborg Øst",57.02653,10.007228,CONTAINER,7
"Fyrkildevej 2, 9220 Aalborg Øst",57.026194,10.005466,CONTAINER,7
"Fyrkildevej 26, 9220 Aalborg Øst",57.026005,10.007192,CONTAINER,7
"Fyrkildevej 66, 9220 Aalborg Øst",57.027547,10.006545,CONTAINER,7
"Fyrkildevej 80, 9220 Aalborg Øst",57.027514,10.007976,CONTAINER,7
"Fyrkildevej 104, 9220 Aalborg Øst",57.028218,10.007679,CONTAINER,7
"Fyrkildevej 114, 9220 Aalborg Øst",57.028288,10.006726,CONTAINER,7
"Fyrkildevej 60, 9220 Aalborg Øst",57.027735,10.006063,CONTAINER,7
"Fyrkildevej 53, 9220 Aalborg Øst",57.028008,10.003221,CONTAINER,7
"Fyrkildevej 65, 9220 Aalborg Øst",57.027938,10.004177,CONTAINER,7
"Fyrkildevej 1, 9220 Aalborg Øst",57.027268,10.005026,CONTAINER,7
"Fyrkildevej 5, 9220 Aalborg Øst",57.026856,10.005029,CONTAINER,7
"Fyrkildevej 5, 9220 Aalborg Øst",57.026856,10.005029,CONTAINER,7
"Fyrkildevej 15, 9220 Aalborg Øst",57.027027,10.003113,CONTAINER,7
"Sebbersundvej 2 H, 9220 Aalborg Øst",57.028219,9.999212,CONTAINER,7
"Sebbersundvej 22, 9220 Aalborg Øst",57.03043,9.996621,CONTAINER,7
"Sebbersundvej 10, 9220 Aalborg Øst",57.029776,9.997135,CONTAINER,7
"Sebbersundvej 34, 9220 Aalborg Øst",57.031081,9.996105,CONTAINER,7
"Sebbersundvej 9, 9220 Aalborg Øst",57.029248,9.996339,CONTAINER,7
"Sebbersundvej 19, 9220 Aalborg Øst",57.029606,9.995358,CONTAINER,7
"Sebbersundvej 33, 9220 Aalborg Øst",57.030322,9.995322,CONTAINER,7
"Sebbersundvej 43, 9220 Aalborg Øst",57.030866,9.994813,CONTAINER,7
"Blåkildevej 28, 9220 Aalborg Øst",57.033224,9.997252,CONTAINER,7
"Blåkildevej 55 B, 9220 Aalborg Øst",57.032877,9.999349,CONTAINER,7
"Blåkildevej 55 B, 9220 Aalborg Øst",57.032877,9.999349,CONTAINER,7
"Blåkildevej 45 B, 9220 Aalborg Øst",57.032892,10.000334,CONTAINER,7
"Blåkildevej 81, 9220 Aalborg Øst",57.031971,10.000577,CONTAINER,7
"Blåkildevej 67 A, 9220 Aalborg Øst",57.03206,9.999229,CONTAINER,7
"Blåkildevej 69, 9220 Aalborg Øst",57.031428,9.999628,CONTAINER,7
"Blåkildevej 103 B, 9220 Aalborg Øst",57.031143,10.000541,CONTAINER,7
"Blåkildevej 52, 9220 Aalborg Øst",57.032359,9.997463,CONTAINER,7
"Blåkildevej 64, 9220 Aalborg Øst",57.031949,9.998235,CONTAINER,7
"Blåkildevej 86, 9220 Aalborg Øst",57.031119,9.998756,CONTAINER,7
"Blåkildevej 120, 9220 Aalborg Øst",57.030007,9.99948,CONTAINER,7
"Blåkildevej 146, 9220 Aalborg Øst",57.029757,10.000645,CONTAINER,7
"Blåkildevej 117, 9220 Aalborg Øst",57.030422,10.001843,CONTAINER,7
"Ravnkildevej 72 A, 9220 Aalborg Øst",57.032768,10.004613,CONTAINER,7
"Ravnkildevej 42, 9220 Aalborg Øst",57.032682,10.002638,CONTAINER,7
"Ravnkildevej 32, 9220 Aalborg Øst",57.033599,10.002448,CONTAINER,7
"Ravnkildevej 12, 9220 Aalborg Øst",57.033632,10.004387,CONTAINER,7
"Saltumvej 29, 9220 Aalborg Øst",57.035894,10.008194,CONTAINER,7
"Saltumvej 11 B, 9220 Aalborg Øst",57.035584,10.009005,CONTAINER,7
"Saltumvej 38, 9220 Aalborg Øst",57.036628,10.009115,CONTAINER,7
"Stenbjergvej 273, 9220 Aalborg Øst",57.038799,10.002243,CONTAINER,7
"Stenbjergvej 289, 9220 Aalborg Øst",57.039228,10.002874,CONTAINER,7
"Skallerupvej 178, 9220 Aalborg Øst",57.038675,10.013391,CONTAINER,7
"Skallerupvej 60, 9220 Aalborg Øst",57.038315,10.014737,CONTAINER,7
"Skallerupvej 148, 9220 Aalborg Øst",57.038512,10.011723,CONTAINER,7
"Skallerupvej 216, 9220 Aalborg Øst",57.038818,10.010163,CONTAINER,7
"Skallerupvej 266, 9220 Aalborg Øst",57.039271,10.008994,CONTAINER,7
"Skallerupvej 238, 9220 Aalborg Øst",57.038602,10.008653,CONTAINER,7
"Skallerupvej 270, 9220 Aalborg Øst",57.038931,10.009384,CONTAINER,7
"Skallerupvej 186, 9220 Aalborg Øst",57.038801,10.012584,CONTAINER,7
"Skallerupvej 48, 9220 Aalborg Øst",57.038763,10.014102,CONTAINER,7
"Skallerupvej 11, 9220 Aalborg Øst",57.03949,10.01452,CONTAINER,7
"Park Alle 17, 9220 Aalborg Øst",57.065561,10.030975,CONTAINER,7
"Park Alle 17, 9220 Aalborg Øst",57.065561,10.030975,CONTAINER,7
"Over Bækken 2, 9000 Aalborg",57.025898,9.921586,DEPOT,8
"Tranekær 24, 9310 Vodskov",57.066416,10.122166,CONTAINER,8
"Nåleøjet 46, 9310 Vodskov",57.062416,10.130094,CONTAINER,8
"Ved Søerne 18, 9362 Gandrup",57.063134,10.184086,CONTAINER,8
"Ved Søerne 34, 9362 Gandrup",57.063591,10.184346,CONTAINER,8
"Idrætsalle 67 B, 9370 Hals",57.000497,10.301835,CONTAINER,8
"Midtergade 17 B, 9370 Hals",56.997429,10.307076,CONTAINER,8
"Midtergade 17 B, 9370 Hals",56.997429,10.307076,CONTAINER,8
"Østergade 1, 9370 Hals",56.992757,10.307485,CONTAINER,8
"Havnen 13, 9370 Hals",56.99089,10.306159,CONTAINER,8
"Færgevej 8 H, 9370 Hals",56.991597,10.310429,CONTAINER,8
"Mælkevejen 2 D, 9370 Hals",57.004005,10.328646,CONTAINER,8
"Mælkevejen 2 D, 9370 Hals",57.004005,10.328646,CONTAINER,8
"Mælkevejen 2 D, 9370 Hals",57.004005,10.328646,CONTAINER,8
"Bisnapvej 30, 9370 Hals",57.008902,10.347564,CONTAINER,8
"Bisnapvej 30, 9370 Hals",57.008902,10.347564,CONTAINER,8
"Strandvejen 57, 9370 Hals",57.018664,10.34162,CONTAINER,8
"Strandvejen 57, 9370 Hals",57.018664,10.34162,CONTAINER,8
"Strandvejen 57, 9370 Hals",57.018664,10.34162,CONTAINER,8
"Strandvejen 57, 9370 Hals",57.018664,10.34162,CONTAINER,8
"Strandvejen 57, 9370 Hals",57.018664,10.34162,CONTAINER,8
"Strandvejen 86, 9370 Hals",57.030162,10.34905,CONTAINER,8
"Strandvejen 86, 9370 Hals",57.030162,10.34905,CONTAINER,8
"Strandvejen 86, 9370 Hals",57.030162,10.34905,CONTAINER,8
"Strandvejen 86, 9370 Hals",57.030162,10.34905,CONTAINER,8
"Strandvejen 86, 9370 Hals",57.030162,10.34905,CONTAINER,8
"Torndalsvej 1 A, 9370 Hals",57.040607,10.356581,CONTAINER,8
"Torndalsvej 1 A, 9370 Hals",57.040607,10.356581,CONTAINER,8
"Mikkelmark 13, 9370 Hals",57.050694,10.360032,CONTAINER,8
"Mikkelmark 13, 9370 Hals",57.050694,10.360032,CONTAINER,8
"Hou Mole 9, 9370 Hals",57.056699,10.377129,CONTAINER,8
"Moselodden 6, 9370 Hals",57.056482,10.345598,CONTAINER,8
"Gravsholtvej 10, 9310 Vodskov",57.107974,10.08337,CONTAINER,8
"Attrupvej 15, 9310 Vodskov",57.116171,10.052428,CONTAINER,8
"Skeldalen 35, 9310 Vodskov",57.113689,10.049809,CONTAINER,8
"Skeldalen 17, 9310 Vodskov",57.114291,10.050186,CONTAINER,8
"Tingvej 181, 9310 Vodskov",57.112144,10.030106,CONTAINER,8
"Storemosevej 24, 9310 Vodskov",57.114022,10.034152,CONTAINER,8
"Storemosevej 31, 9310 Vodskov",57.117133,10.036008,CONTAINER,8
"Storemosevej 18, 9310 Vodskov",57.115091,10.032118,CONTAINER,8
"Pitsvej 7, 9310 Vodskov",57.117338,10.028369,CONTAINER,8
"Gennem Bakkerne 23 A, 9310 Vodskov",57.119283,10.025629,CONTAINER,8
"Bodil Hjorths Vej 2, 9310 Vodskov",57.115229,10.025644,CONTAINER,8
"Bodil Hjorths Vej 5, 9310 Vodskov",57.114409,10.024064,CONTAINER,8
"Bodil Hjorths Vej 7, 9310 Vodskov",57.114064,10.022808,CONTAINER,8
"Bodil Hjorths Vej 9, 9310 Vodskov",57.114102,10.021491,CONTAINER,8
"Bodil Hjorths Vej 12 A, 9310 Vodskov",57.115688,10.021093,CONTAINER,8
"Bodil Hjorths Vej 16, 9310 Vodskov",57.113347,10.020719,CONTAINER,8
"Lille Tingbakke 2, 9310 Vodskov",57.112515,10.014412,CONTAINER,8
"Lille Tingbakke 8, 9310 Vodskov",57.112126,10.013802,CONTAINER,8
"Lille Tingbakke 16, 9310 Vodskov",57.111198,10.013056,CONTAINER,8
"Store Tingbakke 7, 9310 Vodskov",57.110646,10.012372,CONTAINER,8
"Store Tingbakke 24, 9310 Vodskov",57.111104,10.011497,CONTAINER,8
"Store Tingbakke 218, 9310 Vodskov",57.110022,10.009354,CONTAINER,8
"Store Tingbakke 169, 9310 Vodskov",57.109758,10.007669,CONTAINER,8
"Store Tingbakke 170, 9310 Vodskov",57.109516,10.009064,CONTAINER,8
"Store Tingbakke 162, 9310 Vodskov",57.10938,10.009617,CONTAINER,8
"Store Tingbakke 134, 9310 Vodskov",57.109233,10.010571,CONTAINER,8
"Store Tingbakke 86, 9310 Vodskov",57.10975,10.011264,CONTAINER,8
"Store Tingbakke 77, 9310 Vodskov",57.110198,10.011876,CONTAINER,8
"Viren 4, 9310 Vodskov",57.113103,10.027931,CONTAINER,8
"Viren 4, 9310 Vodskov",57.113103,10.027931,CONTAINER,8
"Gennem Bakkerne 5, 9310 Vodskov",57.113775,10.025197,CONTAINER,8
"Kikkenborg 22, 9310 Vodskov",57.104739,10.018649,CONTAINER,8
"Over Bækken 2, 9000 Aalborg",57.025898,9.921586,DEPOT,9
"Kollegievej 2 C, 9000 Aalborg",57.024736,9.943258,CONTAINER,9
"Kollegievej 2 C, 9000 Aalborg",57.024736,9.943258,CONTAINER,9
"Stjernevej 1, 9200 Aalborg SV",57.021489,9.910103,CONTAINER,9
"Vegavej 2, 9200 Aalborg SV",57.022114,9.907565,CONTAINER,9
"Scheelsmindevej 4, 9200 Aalborg SV",57.021508,9.90348,CONTAINER,9
"Scheelsmindevej 64, 9200 Aalborg SV",57.019202,9.902004,CONTAINER,9
"Scheelsmindevej 120, 9200 Aalborg SV",57.018443,9.90135,CONTAINER,9
"Præstemarken 104, 9000 Aalborg",57.023542,9.90546,CONTAINER,9
"Præstemarken 61, 9000 Aalborg",57.023603,9.907806,CONTAINER,9
"Klokkervangen 2, 9000 Aalborg",57.024788,9.908442,CONTAINER,9
"Præstemarken 53, 9000 Aalborg",57.025306,9.907882,CONTAINER,9
"Præstemarken 46 B, 9000 Aalborg",57.025428,9.906852,CONTAINER,9
"Degnelodden 21, 9000 Aalborg",57.026182,9.907659,CONTAINER,9
"Provstejorden 54, 9000 Aalborg",57.026131,9.909252,CONTAINER,9
"Præstemarken 21, 9000 Aalborg",57.026652,9.907275,CONTAINER,9
"Provstejorden 34, 9000 Aalborg",57.027941,9.909458,CONTAINER,9
"Provstejorden 11, 9000 Aalborg",57.029593,9.909951,CONTAINER,9
"Provstejorden 12, 9000 Aalborg",57.029495,9.908993,CONTAINER,9
"Provstejorden 8, 9000 Aalborg",57.02974,9.908743,CONTAINER,9
"Gundorfslund 24, 9000 Aalborg",57.030568,9.908918,CONTAINER,9
"Gundorfslund 7, 9000 Aalborg",57.031513,9.909293,CONTAINER,9
"Gundorfslund 19, 9000 Aalborg",57.030863,9.909493,CONTAINER,9
"Gundorfslund 4 C, 9000 Aalborg",57.03105,9.908481,CONTAINER,9
"Konvalvej 22, 9000 Aalborg",57.030446,9.903148,CONTAINER,9
"Konvalvej 37, 9000 Aalborg",57.029943,9.902427,CONTAINER,9
"Konvalvej 11, 9000 Aalborg",57.028901,9.902234,CONTAINER,9
"Bynkevej 25, 9000 Aalborg",57.028431,9.902158,CONTAINER,9
"Blomstermarken 60, 9000 Aalborg",57.027875,9.901194,CONTAINER,9
"Blomstermarken 35, 9000 Aalborg",57.027374,9.901637,CONTAINER,9
"Blomstermarken 18, 9000 Aalborg",57.027682,9.902662,CONTAINER,9
"Revlingbakken 121, 9000 Aalborg",57.026047,9.893934,CONTAINER,9
"Revlingbakken 107, 9000 Aalborg",57.026222,9.895585,CONTAINER,9
"Revlingbakken 63, 9000 Aalborg",57.02602,9.897174,CONTAINER,9
"Revlingbakken 77, 9000 Aalborg",57.025583,9.898575,CONTAINER,9
"Perikumvej 7, 9000 Aalborg",57.025415,9.899848,CONTAINER,9
"Perikumvej 4, 9000 Aalborg",57.025132,9.899093,CONTAINER,9
"Malurtvej 1, 9000 Aalborg",57.024176,9.900468,CONTAINER,9
"Skelagervej 375 L, 9000 Aalborg",57.022481,9.873548,CONTAINER,9
"Åbrinken 1, 9200 Aalborg SV",57.009108,9.900933,CONTAINER,9
"Lønneparken 11, 9000 Aalborg",57.026537,9.946372,CONTAINER,9
"Lønneparken 4, 9000 Aalborg",57.027336,9.946189,CONTAINER,9
"Lønneparken 7, 9000 Aalborg",57.026697,9.947192,CONTAINER,9
"Egeparken 4, 9000 Aalborg",57.027931,9.946513,CONTAINER,9
"Egeparken 8, 9000 Aalborg",57.02727,9.94722,CONTAINER,9
"Egeparken 3, 9000 Aalborg",57.028089,9.947191,CONTAINER,9
"Lønneparken 10, 9000 Aalborg",57.027015,9.945341,CONTAINER,9
"Magisterparken 10, 9000 Aalborg",57.027695,9.943564,CONTAINER,9
"Magisterparken 24, 9000 Aalborg",57.028134,9.941101,CONTAINER,9
"Magisterparken 421, 9000 Aalborg",57.027543,9.939849,CONTAINER,9
"Magisterparken 37, 9000 Aalborg",57.026971,9.942659,CONTAINER,9
"Blegkilde Alle 2 L, 9000 Aalborg",57.030612,9.941619,CONTAINER,9
"Blegkilde Alle 6, 9000 Aalborg",57.031014,9.942383,CONTAINER,9
"Blegkilde Alle 8 F, 9000 Aalborg",57.031821,9.942154,CONTAINER,9
"Blegkilde Alle 14, 9000 Aalborg",57.031219,9.941184,CONTAINER,9
"Blegkilde Alle 39, 9000 Aalborg",57.030478,9.940027,CONTAINER,9
"Blegkilde Alle 59, 9000 Aalborg",57.030118,9.938123,CONTAINER,9
"Blegkilde Alle 85, 9000 Aalborg",57.029445,9.937319,CONTAINER,9
"Danalien 13, 9000 Aalborg",57.029323,9.940387,CONTAINER,9
"Danalien 1, 9000 Aalborg",57.028715,9.943507,CONTAINER,9
"Borgmester Jørgensens Vej 5, 9000 Aalborg",57.030922,9.945721,CONTAINER,9
"Borgmester Jørgensens Vej 5, 9000 Aalborg",57.030922,9.945721,CONTAINER,9
"Borgmester Jørgensens Vej 2, 9000 Aalborg",57.030466,9.945028,CONTAINER,9
"Kridtsløjfen 18, 9000 Aalborg",57.036247,9.936585,CONTAINER,9
"Kridtsløjfen 4, 9000 Aalborg",57.035945,9.937761,CONTAINER,9
"Ditlev Bergs Vej 29, 9000 Aalborg",57.035285,9.937022,CONTAINER,9
"Karnersvej 21, 9000 Aalborg",57.03734909537882,9.939179694441036,CONTAINER,9
"Samsøgade 51, 9000 Aalborg",57.038168,9.942023,CONTAINER,9
"Østre Alle 87, 9000 Aalborg",57.03919,9.942656,CONTAINER,9
"Poul Larsens Vej 80, 9000 Aalborg",57.034455,9.933373,CONTAINER,9
"Visionsvej 1, 9000 Aalborg",57.035587,9.932806,CONTAINER,9
"Visionsvej 11, 9000 Aalborg",57.036158,9.932263,CONTAINER,9
"Tankedraget 3, 9000 Aalborg",57.03672,9.933231,CONTAINER,9
"Tankedraget 31, 9000 Aalborg",57.036421,9.933004,CONTAINER,9
"Visionsvej 4, 9000 Aalborg",57.035445,9.933861,CONTAINER,9
"Visionsvej 2, 9000 Aalborg",57.035951,9.933277,CONTAINER,9
"Alexander Foss Gade 7, 9000 Aalborg",57.035826,9.93466,CONTAINER,9
"Alexander Foss Gade 18, 9000 Aalborg",57.035693,9.935286,CONTAINER,9
"Alexander Foss Gade 16 A, 9000 Aalborg",57.03571,9.936113,CONTAINER,9
"Alexander Foss Gade 12, 9000 Aalborg",57.035241,9.934922,CONTAINER,9
"Boeck-Hansens Vej 3, 9000 Aalborg",57.034873,9.934457,CONTAINER,9
"Kildevældet 7, 9000 Aalborg",57.033046,9.936639,CONTAINER,9
"Kildevældet 9, 9000 Aalborg",57.032839,9.937155,CONTAINER,9
"Boeck-Hansens Vej 19, 9000 Aalborg",57.033,9.935106,CONTAINER,9
"Boeck-Hansens Vej 11, 9000 Aalborg",57.034093,9.934699,CONTAINER,9
"Kildestrømmen 4, 9000 Aalborg",57.033678,9.935609,CONTAINER,9
"Kildestrømmen 6, 9000 Aalborg",57.033539,9.936373,CONTAINER,9
"Kildestrømmen 8, 9000 Aalborg",57.033515,9.937232,CONTAINER,9
"Boeck-Hansens Vej 4, 9000 Aalborg",57.034739,9.933828,CONTAINER,9
"Ditlev Bergs Vej 16, 9000 Aalborg",57.035105,9.936055,CONTAINER,9
"Over Bækken 2, 9000 Aalborg",57.025898,9.921586,DEPOT,10
"Pontoppidanstræde 71 A, 9220 Aalborg Øst",57.016995,9.972824,CONTAINER,10
"Pontoppidanstræde 93 A, 9220 Aalborg Øst",57.016711,9.974563,CONTAINER,10
"Marshalls Alle 4, 9220 Aalborg Øst",57.014493,9.959984,CONTAINER,10
"Marshalls Alle 11, 9220 Aalborg Øst",57.013814,9.960786,CONTAINER,10
"Marshalls Alle 1, 9220 Aalborg Øst",57.014203,9.961174,CONTAINER,10
"Marie Curies Alle 118, 9220 Aalborg Øst",57.011407,9.962861,CONTAINER,10
"Marie Curies Alle 95, 9220 Aalborg Øst",57.01173,9.9638,CONTAINER,10
"Marie Curies Alle 53, 9220 Aalborg Øst",57.012342,9.964344,CONTAINER,10
"Marie Curies Alle 11, 9220 Aalborg Øst",57.013041,9.96455,CONTAINER,10
"Marie Curies Alle 1, 9220 Aalborg Øst",57.013337,9.964932,CONTAINER,10
"James Tobins Alle 1, 9220 Aalborg Øst",57.012749,9.967867,CONTAINER,10
"James Tobins Alle 5, 9220 Aalborg Øst",57.012451,9.967686,CONTAINER,10
"James Tobins Alle 151, 9220 Aalborg Øst",57.012137,9.96804,CONTAINER,10
"Nerudas Alle 213, 9220 Aalborg Øst",57.011739,9.966436,CONTAINER,10
"Nerudas Alle 66, 9220 Aalborg Øst",57.011373,9.966892,CONTAINER,10
"Nerudas Alle 105, 9220 Aalborg Øst",57.010494,9.967603,CONTAINER,10
"Nerudas Alle 145, 9220 Aalborg Øst",57.010438,9.966499,CONTAINER,10
"Nerudas Alle 157, 9220 Aalborg Øst",57.010721,9.965326,CONTAINER,10
"Nerudas Alle 77, 9220 Aalborg Øst",57.010041,9.968939,CONTAINER,10
"Nerudas Alle 34, 9220 Aalborg Øst",57.010963,9.968832,CONTAINER,10
"Nerudas Alle 28, 9220 Aalborg Øst",57.011413,9.969448,CONTAINER,10
"Nerudas Alle 6, 9220 Aalborg Øst",57.012487,9.970028,CONTAINER,10
"Nerudas Alle 3, 9220 Aalborg Øst",57.012557,9.970404,CONTAINER,10
"Seiferts Alle 4, 9260 Gistrup",57.012362,9.97392,CONTAINER,10
"Seiferts Alle 8, 9260 Gistrup",57.012399,9.972169,CONTAINER,10
"Seiferts Alle 6, 9260 Gistrup",57.012351,9.973079,CONTAINER,10
"Tinbergens Alle 33, 9260 Gistrup",57.012332,9.976539,CONTAINER,10
"Tinbergens Alle 61, 9260 Gistrup",57.011924,9.975536,CONTAINER,10
"Myrdalstræde 26, 9220 Aalborg Øst",57.013297,9.979015,CONTAINER,10
"Myrdalstræde 26, 9220 Aalborg Øst",57.013297,9.979015,CONTAINER,10
"Myrdalstræde 26, 9220 Aalborg Øst",57.013297,9.979015,CONTAINER,10
"Myrdalstræde 26, 9220 Aalborg Øst",57.013297,9.979015,CONTAINER,10
"Myrdalstræde 25, 9220 Aalborg Øst",57.013905,9.976499,CONTAINER,10
"Myrdalstræde 15, 9220 Aalborg Øst",57.013254,9.976226,CONTAINER,10
"Myrdalstræde 15, 9220 Aalborg Øst",57.013254,9.976226,CONTAINER,10
"Jasminparken 1 B, 9260 Gistrup",57.007951,9.987122,CONTAINER,10
"Jasminparken 27 B, 9260 Gistrup",57.007467,9.986979,CONTAINER,10
"Jasminparken 88 B, 9260 Gistrup",57.006799,9.986604,CONTAINER,10
"Halldor Laxness Vej 1, 9220 Aalborg Øst",57.012641,9.981634,CONTAINER,10
"Halldor Laxness Vej 1, 9220 Aalborg Øst",57.012641,9.981634,CONTAINER,10
"Damstræde 2, 9220 Aalborg Øst",57.015619,9.982936,CONTAINER,10
"Damstræde 50, 9220 Aalborg Øst",57.015659,9.98047,CONTAINER,10
"Fredrik Bajers Vej 2, 9220 Aalborg Øst",57.016779,9.983559,CONTAINER,10
"Fredrik Bajers Vej 144, 9220 Aalborg Øst",57.017891,9.983287,CONTAINER,10
"Fredrik Bajers Vej 154, 9220 Aalborg Øst",57.017943,9.981883,CONTAINER,10
"Damstræde 135, 9220 Aalborg Øst",57.0161,9.978311,CONTAINER,10
"Niels Bohrs Vej 36, 9220 Aalborg Øst",57.018077,9.988359,CONTAINER,10
"Niels Bohrs Vej 40, 9220 Aalborg Øst",57.017169,9.988428,CONTAINER,10
"Sigrid Undsets Vej 176, 9220 Aalborg Øst",57.017847,9.990869,CONTAINER,10
"Sigrid Undsets Vej 276, 9220 Aalborg Øst",57.017143,9.990077,CONTAINER,10
"Sigrid Undsets Vej 276, 9220 Aalborg Øst",57.017143,9.990077,CONTAINER,10
"Sigrid Undsets Vej 280 A, 9220 Aalborg Øst",57.01659,9.988374,CONTAINER,10
"Sigrid Undsets Vej 149, 9220 Aalborg Øst",57.015567,9.989544,CONTAINER,10
"Sigrid Undsets Vej 223, 9220 Aalborg Øst",57.015498,9.988383,CONTAINER,10
"Langagervej 4, 9220 Aalborg Øst",57.021739,9.977589,CONTAINER,10
"Ribevej 3, 9220 Aalborg Øst",57.023426,9.9772,CONTAINER,10
"Ribevej 24, 9220 Aalborg Øst",57.022616,9.979936,CONTAINER,10
"Ribevej 36, 9220 Aalborg Øst",57.021933,9.979949,CONTAINER,10
"Brandevej 2 A, 9220 Aalborg Øst",57.025324,9.976606,CONTAINER,10
"Brandevej 8 A, 9220 Aalborg Øst",57.025358,9.978311,CONTAINER,10
"Brandevej 10, 9220 Aalborg Øst",57.025037,9.978986,CONTAINER,10
"Herningvej 223, 9220 Aalborg Øst",57.021286,9.985467,CONTAINER,10
"Herningvej 123, 9220 Aalborg Øst",57.023512,9.985765,CONTAINER,10
"Herningvej 17 C, 9220 Aalborg Øst",57.028953,9.979422,CONTAINER,10
"Herningvej 11 A, 9220 Aalborg Øst",57.029766,9.980001,CONTAINER,10
"Herningvej 5 A, 9220 Aalborg Øst",57.028419,9.979639,CONTAINER,10
"Herningvej 1 C, 9220 Aalborg Øst",57.028551,9.97854,CONTAINER,10
"Over Bækken 2, 9000 Aalborg",57.025898,9.921586,DEPOT,11
"Th. Sauers Vej 64, 9000 Aalborg",57.026225,9.930357,CONTAINER,11
"Th. Sauers Vej 86, 9000 Aalborg",57.026053,9.931513,CONTAINER,11
"Peter Freuchens Vej 6, 9210 Aalborg SØ",57.024184,9.940942,CONTAINER,11
"Peter Freuchens Vej 16, 9210 Aalborg SØ",57.024294,9.939307,CONTAINER,11
"Peter Freuchens Vej 20, 9210 Aalborg SØ",57.024605,9.939348,CONTAINER,11
"Peter Freuchens Vej 42, 9210 Aalborg SØ",57.024724,9.93794,CONTAINER,11
"Peter Freuchens Vej 39, 9210 Aalborg SØ",57.023498,9.93662,CONTAINER,11
"Fridtjof Nansens Vej 25, 9210 Aalborg SØ",57.023807,9.939039,CONTAINER,11
"Fridtjof Nansens Vej 3, 9210 Aalborg SØ",57.022733,9.9399,CONTAINER,11
"Umanakvej 2, 9210 Aalborg SØ",57.022396,9.940656,CONTAINER,11
"Ivigtutvej 10, 9210 Aalborg SØ",57.02093,9.940432,CONTAINER,11
"Roald Amundsens Vej 14, 9210 Aalborg SØ",57.023036,9.937662,CONTAINER,11
"Roald Amundsens Vej 2, 9210 Aalborg SØ",57.0225,9.938786,CONTAINER,11
"Umanakvej 20, 9210 Aalborg SØ",57.021157,9.941768,CONTAINER,11
"Umanakvej 7, 9210 Aalborg SØ",57.02147,9.942556,CONTAINER,11
"Umanakvej 19, 9210 Aalborg SØ",57.021491,9.943735,CONTAINER,11
"Grønlands Torv 17, 9210 Aalborg SØ",57.022275,9.943585,CONTAINER,11
"Grønlands Torv 9, 9210 Aalborg SØ",57.022561,9.943412,CONTAINER,11
"Grønlands Torv 5, 9210 Aalborg SØ",57.022807,9.943188,CONTAINER,11
"Diskovej 38, 9210 Aalborg SØ",57.022398,9.946472,CONTAINER,11
"Diskovej 154, 9210 Aalborg SØ",57.021093,9.950157,CONTAINER,11
"Diskovej 102, 9210 Aalborg SØ",57.021883,9.948126,CONTAINER,11
"Ditlev Bergs Vej 5, 9000 Aalborg",57.034877,9.936604,CONTAINER,11
"Overblikket 8, 9000 Aalborg",57.032998,9.939484,CONTAINER,11
"Overblikket 9, 9000 Aalborg",57.032232,9.938957,CONTAINER,11
"Kridtsløjfen 21, 9000 Aalborg",57.032893,9.940946,CONTAINER,11
"Plateauet 54, 9000 Aalborg",57.034444,9.937061,CONTAINER,11
"Plateauet 104, 9000 Aalborg",57.03434,9.93874,CONTAINER,11
"Plateauet 21, 9000 Aalborg",57.033827,9.939334,CONTAINER,11
"Kalkskrænten 58, 9000 Aalborg",57.033471,9.941261,CONTAINER,11
"Kalkskrænten 20, 9000 Aalborg",57.034629,9.939827,CONTAINER,11
"Ditlev Bergs Vej 16, 9000 Aalborg",57.035105,9.936055,CONTAINER,11
"Ditlev Bergs Vej 16, 9000 Aalborg",57.035105,9.936055,CONTAINER,11
"Ny Kærvej 8 D, 9000 Aalborg",57.032621,9.917755,CONTAINER,11
"Enggårdsgade 5, 9000 Aalborg",57.032113,9.91653,CONTAINER,11
"Forchhammersvej 83, 9000 Aalborg",57.033625,9.912707,CONTAINER,11
"Forchhammersvej 9 L, 9000 Aalborg",57.03602,9.913142,CONTAINER,11
"Forchhammersvej 9 E, 9000 Aalborg",57.035942,9.913802,CONTAINER,11
"Forchhammersvej 9 B, 9000 Aalborg",57.036187,9.913299,CONTAINER,11
"Julius Posselts Vej 1 A, 9400 Nørresundby",57.0648,9.899181,CONTAINER,11
"Julius Posselts Vej 8, 9400 Nørresundby",57.064694,9.896506,CONTAINER,11
"Anders Nielsens Vej 21 B, 9400 Nørresundby",57.064341,9.901907,CONTAINER,11
"H. C. Andersens Vej 26, 9000 Aalborg",57.042343,9.970222,CONTAINER,11
"H. C. Andersens Vej 10, 9000 Aalborg",57.042914,9.968078,CONTAINER,11
"Årestrupsvej 28, 9000 Aalborg",57.041762,9.968004,CONTAINER,11
"Årestrupsvej 10, 9000 Aalborg",57.042557,9.966625,CONTAINER,11
"Hadsundvej 86 F, 9000 Aalborg",57.036271,9.952907,CONTAINER,11
"Hadsundvej 86 C, 9000 Aalborg",57.036693,9.952476,CONTAINER,11
"Riishøjsvej 6, 9000 Aalborg",57.036481,9.951832,CONTAINER,11
"Thulevej 38, 9210 Aalborg SØ",57.021043,9.946644,CONTAINER,11
"Thulevej 46, 9210 Aalborg SØ",57.021484,9.945836,CONTAINER,11
"Thulevej 54, 9210 Aalborg SØ",57.022005,9.945179,CONTAINER,11
"Thulevej 30, 9210 Aalborg SØ",57.020669,9.947603,CONTAINER,11
"Thulevej 20, 9210 Aalborg SØ",57.020317,9.948862,CONTAINER,11
"Thulevej 12, 9210 Aalborg SØ",57.020103,9.949962,CONTAINER,11
"Thulevej 6, 9210 Aalborg SØ",57.020002,9.950738,CONTAINER,11
"Scoresbysundvej 8, 9210 Aalborg SØ",57.019086,9.950571,CONTAINER,11
"Scoresbysundvej 10, 9210 Aalborg SØ",57.018647,9.950126,CONTAINER,11
"Mylius Erichsens Vej 123, 9210 Aalborg SØ",57.020009,9.944141,CONTAINER,11
"Umanakvej 28, 9210 Aalborg SØ",57.020548,9.942014,CONTAINER,11
"Mylius Erichsens Vej 77, 9210 Aalborg SØ",57.021548,9.938074,CONTAINER,11
"C. P. Holbølls Plads 20, 9210 Aalborg SØ",57.021521,9.935523,CONTAINER,11
"Peter Bruuns Vej 89, 9210 Aalborg SØ",57.021654,9.933078,CONTAINER,11
"Mylius Erichsens Vej 67, 9210 Aalborg SØ",57.021867,9.937055,CONTAINER,11
"Carl Rothes Vej 76, 9210 Aalborg SØ",57.020367,9.935955,CONTAINER,11
"Hellevangen 77, 9210 Aalborg SØ",57.018991,9.934832,CONTAINER,11
"Hellevangen 25, 9210 Aalborg SØ",57.017902,9.93095,CONTAINER,11
"Hellevangen 39, 9210 Aalborg SØ",57.018333,9.929596,CONTAINER,11
"Hellevangen 49, 9210 Aalborg SØ",57.01862,9.928695,CONTAINER,11
"Beatesmindevej 16, 9210 Aalborg SØ",57.019167,9.928088,CONTAINER,11
"Hellevangen 13, 9210 Aalborg SØ",57.017562,9.932023,CONTAINER,11
"Hellevangen 1, 9210 Aalborg SØ",57.017219,9.933098,CONTAINER,11
"Nøhr Sørensens Vej 1 B, 9210 Aalborg SØ",57.015845,9.932553,CONTAINER,11
"Beatesmindevej 30, 9210 Aalborg SØ",57.019237,9.930615,CONTAINER,11
"Beatesmindevej 30, 9210 Aalborg SØ",57.019237,9.930615,CONTAINER,11
"Beatesmindevej 54, 9210 Aalborg SØ",57.018612,9.932401,CONTAINER,11
"Beatesmindevej 54, 9210 Aalborg SØ",57.018612,9.932401,CONTAINER,11
"Beatesmindevej 6, 9210 Aalborg SØ",57.01982,9.928786,CONTAINER,11
"Gertrud Rasks Vej 3, 9210 Aalborg SØ",57.023373,9.928165,CONTAINER,11
"Fabriciusvej 24, 9210 Aalborg SØ",57.022105,9.927512,CONTAINER,11
"Fabriciusvej 24, 9210 Aalborg SØ",57.022105,9.927512,CONTAINER,11
"Fabriciusvej 24, 9210 Aalborg SØ",57.022105,9.927512,CONTAINER,11
"Gertrud Rasks Vej 43, 9210 Aalborg SØ",57.023177,9.929207,CONTAINER,11
"Gertrud Rasks Vej 28, 9210 Aalborg SØ",57.022283,9.928484,CONTAINER,11
"Gertrud Rasks Vej 124, 9210 Aalborg SØ",57.021758,9.930458,CONTAINER,11
"Gertrud Rasks Vej 83, 9210 Aalborg SØ",57.022927,9.930223,CONTAINER,11
"Gertrud Rasks Vej 74, 9210 Aalborg SØ",57.022355,9.929265,CONTAINER,11
